<?xml version="1.0" encoding="UTF-8" ?>
<webTalkData  fileName='usage_statistics_ext_labtool.xml'  majorVersion='1' minorVersion='0' timeStamp='Mon Nov 18 16:38:52 2024'>
<section name="__ROOT__" level="0" order="1" description="">
 <section name="software_version_and_target_device" level="1" order="1" description="">
  <keyValuePair key="beta" value="FALSE" description="" />
  <keyValuePair key="build_version" value="2552052" description="" />
  <keyValuePair key="date_generated" value="Mon Nov 18 16:38:51 2024" description="" />
  <keyValuePair key="os_platform" value="LIN64" description="" />
  <keyValuePair key="product_version" value="Vivado v2019.1 (64-bit)" description="" />
  <keyValuePair key="project_id" value="dc16e085-3d33-450f-a50c-9e4f8334b533" description="" />
  <keyValuePair key="project_iteration" value="1" description="" />
  <keyValuePair key="random_id" value="afa07e0b-06a1-472d-8529-8b72702658a3" description="" />
  <keyValuePair key="registration_id" value="afa07e0b-06a1-472d-8529-8b72702658a3" description="" />
  <keyValuePair key="route_design" value="FALSE" description="" />
  <keyValuePair key="target_device" value="not_applicable" description="" />
  <keyValuePair key="target_family" value="not_applicable" description="" />
  <keyValuePair key="target_package" value="not_applicable" description="" />
  <keyValuePair key="target_speed" value="not_applicable" description="" />
  <keyValuePair key="tool_flow" value="labtool" description="" />
 </section>
 <section name="user_environment" level="1" order="2" description="">
  <keyValuePair key="cpu_name" value="12th Gen Intel(R) Core(TM) i7-1260P" description="" />
  <keyValuePair key="cpu_speed" value="2100.021 MHz" description="" />
  <keyValuePair key="os_name" value="Ubuntu" description="" />
  <keyValuePair key="os_release" value="Ubuntu 24.04.1 LTS" description="" />
  <keyValuePair key="system_ram" value="16.000 GB" description="" />
  <keyValuePair key="total_processors" value="1" description="" />
 </section>
 <section name="labtool" level="1" order="3" description="">
  <section name="usage" level="2" order="1" description="">
   <keyValuePair key="cable" value="Digilent/Nexys A7 T/15000000:" description="" />
   <keyValuePair key="chain" value="13631093" description="" />
   <keyValuePair key="pgmcnt" value="05:00:00" description="" />
  </section>
 </section>
 <section name="vivado_usage" level="1" order="4" description="">
 </section>
</section>
</webTalkData>
