<?xml version="1.0" encoding="UTF-8"?>
<GenRun Id="impl_1" LaunchPart="xc7a100tcsg324-1" LaunchTime="1731933468">
  <File Type="WBT-USG" Name="usage_statistics_webtalk.html"/>
  <File Type="BG-DRC" Name="sev_seg_top.drc"/>
  <File Type="BG-BGN" Name="sev_seg_top.bgn"/>
  <File Type="BITSTR-SYSDEF" Name="sev_seg_top.sysdef"/>
  <File Type="BITSTR-LTX" Name="debug_nets.ltx"/>
  <File Type="BITSTR-LTX" Name="sev_seg_top.ltx"/>
  <File Type="BITSTR-MMI" Name="sev_seg_top.mmi"/>
  <File Type="BITSTR-BMM" Name="sev_seg_top_bd.bmm"/>
  <File Type="BITSTR-NKY" Name="sev_seg_top.nky"/>
  <File Type="BITSTR-RBT" Name="sev_seg_top.rbt"/>
  <File Type="BITSTR-MSK" Name="sev_seg_top.msk"/>
  <File Type="BG-BIN" Name="sev_seg_top.bin"/>
  <File Type="BG-BIT" Name="sev_seg_top.bit"/>
  <File Type="POSTROUTE-PHYSOPT-BUS-SKEW-RPX" Name="sev_seg_top_bus_skew_postroute_physopted.rpx"/>
  <File Type="POSTROUTE-PHYSOPT-BUS-SKEW-PB" Name="sev_seg_top_bus_skew_postroute_physopted.pb"/>
  <File Type="POSTROUTE-PHYSOPT-BUS-SKEW" Name="sev_seg_top_bus_skew_postroute_physopted.rpt"/>
  <File Type="RDI-RDI" Name="sev_seg_top.vdi"/>
  <File Type="POSTROUTE-PHYSOPT-TIMING-RPX" Name="sev_seg_top_timing_summary_postroute_physopted.rpx"/>
  <File Type="POSTROUTE-PHYSOPT-TIMING-PB" Name="sev_seg_top_timing_summary_postroute_physopted.pb"/>
  <File Type="POSTROUTE-PHYSOPT-TIMING" Name="sev_seg_top_timing_summary_postroute_physopted.rpt"/>
  <File Type="POSTROUTE-PHYSOPT-BLACKBOX-DCP" Name="sev_seg_top_postroute_physopt_bb.dcp"/>
  <File Type="POSTROUTE-PHYSOPT-DCP" Name="sev_seg_top_postroute_physopt.dcp"/>
  <File Type="ROUTE-BUS-SKEW" Name="sev_seg_top_bus_skew_routed.rpt"/>
  <File Type="ROUTE-CLK" Name="sev_seg_top_clock_utilization_routed.rpt"/>
  <File Type="ROUTE-SIMILARITY" Name="sev_seg_top_incremental_reuse_routed.rpt"/>
  <File Type="ROUTE-TIMING-RPX" Name="sev_seg_top_timing_summary_routed.rpx"/>
  <File Type="ROUTE-TIMING-PB" Name="sev_seg_top_timing_summary_routed.pb"/>
  <File Type="ROUTE-TIMINGSUMMARY" Name="sev_seg_top_timing_summary_routed.rpt"/>
  <File Type="ROUTE-STATUS-PB" Name="sev_seg_top_route_status.pb"/>
  <File Type="ROUTE-STATUS" Name="sev_seg_top_route_status.rpt"/>
  <File Type="ROUTE-PWR-RPX" Name="sev_seg_top_power_routed.rpx"/>
  <File Type="ROUTE-PWR-SUM" Name="sev_seg_top_power_summary_routed.pb"/>
  <File Type="ROUTE-PWR" Name="sev_seg_top_power_routed.rpt"/>
  <File Type="ROUTE-METHODOLOGY-DRC-PB" Name="sev_seg_top_methodology_drc_routed.pb"/>
  <File Type="ROUTE-METHODOLOGY-DRC-RPX" Name="sev_seg_top_methodology_drc_routed.rpx"/>
  <File Type="ROUTE-METHODOLOGY-DRC" Name="sev_seg_top_methodology_drc_routed.rpt"/>
  <File Type="ROUTE-DRC-RPX" Name="sev_seg_top_drc_routed.rpx"/>
  <File Type="ROUTE-DRC-PB" Name="sev_seg_top_drc_routed.pb"/>
  <File Type="ROUTE-DRC" Name="sev_seg_top_drc_routed.rpt"/>
  <File Type="ROUTE-BLACKBOX-DCP" Name="sev_seg_top_routed_bb.dcp"/>
  <File Type="ROUTE-DCP" Name="sev_seg_top_routed.dcp"/>
  <File Type="ROUTE-ERROR-DCP" Name="sev_seg_top_routed_error.dcp"/>
  <File Type="PHYSOPT-TIMING" Name="sev_seg_top_timing_summary_physopted.rpt"/>
  <File Type="PHYSOPT-DRC" Name="sev_seg_top_drc_physopted.rpt"/>
  <File Type="PHYSOPT-DCP" Name="sev_seg_top_physopt.dcp"/>
  <File Type="POSTPLACE-PWROPT-TIMING" Name="sev_seg_top_timing_summary_postplace_pwropted.rpt"/>
  <File Type="POSTPLACE-PWROPT-DCP" Name="sev_seg_top_postplace_pwropt.dcp"/>
  <File Type="PLACE-TIMING" Name="sev_seg_top_timing_summary_placed.rpt"/>
  <File Type="PLACE-PRE-SIMILARITY" Name="sev_seg_top_incremental_reuse_pre_placed.rpt"/>
  <File Type="PLACE-SIMILARITY" Name="sev_seg_top_incremental_reuse_placed.rpt"/>
  <File Type="PLACE-CTRL" Name="sev_seg_top_control_sets_placed.rpt"/>
  <File Type="PLACE-UTIL-PB" Name="sev_seg_top_utilization_placed.pb"/>
  <File Type="PLACE-UTIL" Name="sev_seg_top_utilization_placed.rpt"/>
  <File Type="PLACE-CLK" Name="sev_seg_top_clock_utilization_placed.rpt"/>
  <File Type="PLACE-IO" Name="sev_seg_top_io_placed.rpt"/>
  <File Type="PLACE-DCP" Name="sev_seg_top_placed.dcp"/>
  <File Type="PWROPT-TIMING" Name="sev_seg_top_timing_summary_pwropted.rpt"/>
  <File Type="PWROPT-DRC" Name="sev_seg_top_drc_pwropted.rpt"/>
  <File Type="PWROPT-DCP" Name="sev_seg_top_pwropt.dcp"/>
  <File Type="OPT-TIMING" Name="sev_seg_top_timing_summary_opted.rpt"/>
  <File Type="OPT-HWDEF" Name="sev_seg_top.hwdef"/>
  <File Type="OPT-METHODOLOGY-DRC" Name="sev_seg_top_methodology_drc_opted.rpt"/>
  <File Type="OPT-DRC" Name="sev_seg_top_drc_opted.rpt"/>
  <File Type="OPT-DCP" Name="sev_seg_top_opt.dcp"/>
  <File Type="INIT-TIMING" Name="sev_seg_top_timing_summary_init.rpt"/>
  <File Type="ROUTE-BUS-SKEW-RPX" Name="sev_seg_top_bus_skew_routed.rpx"/>
  <File Type="REPORTS-TCL" Name="sev_seg_top_reports.tcl"/>
  <File Type="ROUTE-BUS-SKEW-PB" Name="sev_seg_top_bus_skew_routed.pb"/>
  <File Type="PA-TCL" Name="sev_seg_top.tcl"/>
  <FileSet Name="sources" Type="DesignSrcs" RelSrcDir="$PSRCDIR/sources_1">
    <Filter Type="Srcs"/>
    <File Path="$PSRCDIR/sources_1/imports/new/D Flip_Flop.sv">
      <FileInfo>
        <Attr Name="ImportPath" Val="$PPRDIR/../project_8/project_8.srcs/sources_1/new/D Flip_Flop.sv"/>
        <Attr Name="ImportTime" Val="1731924470"/>
        <Attr Name="UsedIn" Val="synthesis"/>
        <Attr Name="UsedIn" Val="implementation"/>
        <Attr Name="UsedIn" Val="simulation"/>
      </FileInfo>
    </File>
    <File Path="$PSRCDIR/sources_1/new/Desgin_Register2.sv">
      <FileInfo>
        <Attr Name="UsedIn" Val="synthesis"/>
        <Attr Name="UsedIn" Val="implementation"/>
        <Attr Name="UsedIn" Val="simulation"/>
      </FileInfo>
    </File>
    <File Path="$PSRCDIR/sources_1/new/Design_Register.sv">
      <FileInfo>
        <Attr Name="UsedIn" Val="synthesis"/>
        <Attr Name="UsedIn" Val="implementation"/>
        <Attr Name="UsedIn" Val="simulation"/>
      </FileInfo>
    </File>
    <File Path="$PSRCDIR/sources_1/imports/new/Dlatch.sv">
      <FileInfo>
        <Attr Name="ImportPath" Val="$PPRDIR/../project_8/project_8.srcs/sources_1/new/Dlatch.sv"/>
        <Attr Name="ImportTime" Val="1731907053"/>
        <Attr Name="UsedIn" Val="synthesis"/>
        <Attr Name="UsedIn" Val="implementation"/>
        <Attr Name="UsedIn" Val="simulation"/>
      </FileInfo>
    </File>
    <File Path="$PSRCDIR/sources_1/imports/src/counter_n_bit.sv">
      <FileInfo>
        <Attr Name="ImportPath" Val="$PPRDIR/src/counter_n_bit.sv"/>
        <Attr Name="ImportTime" Val="1731075515"/>
        <Attr Name="UsedIn" Val="synthesis"/>
        <Attr Name="UsedIn" Val="implementation"/>
        <Attr Name="UsedIn" Val="simulation"/>
      </FileInfo>
    </File>
    <File Path="$PSRCDIR/sources_1/imports/src/decoder.sv">
      <FileInfo>
        <Attr Name="ImportPath" Val="$PPRDIR/src/decoder.sv"/>
        <Attr Name="ImportTime" Val="1731076163"/>
        <Attr Name="UsedIn" Val="synthesis"/>
        <Attr Name="UsedIn" Val="implementation"/>
        <Attr Name="UsedIn" Val="simulation"/>
      </FileInfo>
    </File>
    <File Path="$PSRCDIR/sources_1/imports/src/sev_seg_controller.sv">
      <FileInfo>
        <Attr Name="ImportPath" Val="$PPRDIR/src/sev_seg_controller.sv"/>
        <Attr Name="ImportTime" Val="1731499824"/>
        <Attr Name="UsedIn" Val="synthesis"/>
        <Attr Name="UsedIn" Val="implementation"/>
        <Attr Name="UsedIn" Val="simulation"/>
      </FileInfo>
    </File>
    <File Path="$PSRCDIR/sources_1/imports/src/sev_seg_decoder.sv">
      <FileInfo>
        <Attr Name="ImportPath" Val="$PPRDIR/src/sev_seg_decoder.sv"/>
        <Attr Name="ImportTime" Val="1731507504"/>
        <Attr Name="UsedIn" Val="synthesis"/>
        <Attr Name="UsedIn" Val="implementation"/>
        <Attr Name="UsedIn" Val="simulation"/>
      </FileInfo>
    </File>
    <File Path="$PSRCDIR/sources_1/imports/src/sev_seg.sv">
      <FileInfo>
        <Attr Name="ImportPath" Val="$PPRDIR/src/sev_seg.sv"/>
        <Attr Name="ImportTime" Val="1731592611"/>
        <Attr Name="UsedIn" Val="synthesis"/>
        <Attr Name="UsedIn" Val="implementation"/>
        <Attr Name="UsedIn" Val="simulation"/>
      </FileInfo>
    </File>
    <Config>
      <Option Name="DesignMode" Val="RTL"/>
      <Option Name="TopModule" Val="sev_seg_top"/>
      <Option Name="TopAutoSet" Val="TRUE"/>
    </Config>
  </FileSet>
  <FileSet Name="constrs_in" Type="Constrs" RelSrcDir="$PSRCDIR/constrs_1">
    <Filter Type="Constrs"/>
    <File Path="$PPRDIR/../task1/src/pin-assignment.xdc">
      <FileInfo>
        <Attr Name="UsedIn" Val="synthesis"/>
        <Attr Name="UsedIn" Val="implementation"/>
      </FileInfo>
    </File>
    <Config>
      <Option Name="ConstrsType" Val="XDC"/>
    </Config>
  </FileSet>
  <FileSet Name="utils" Type="Utils" RelSrcDir="$PSRCDIR/utils_1">
    <Filter Type="Utils"/>
    <Config>
      <Option Name="TopAutoSet" Val="TRUE"/>
    </Config>
  </FileSet>
  <Strategy Version="1" Minor="2">
    <StratHandle Name="Vivado Implementation Defaults" Flow="Vivado Implementation 2019">
      <Desc>Default settings for Implementation.</Desc>
    </StratHandle>
    <Step Id="init_design"/>
    <Step Id="opt_design"/>
    <Step Id="power_opt_design"/>
    <Step Id="place_design"/>
    <Step Id="post_place_power_opt_design"/>
    <Step Id="phys_opt_design"/>
    <Step Id="route_design"/>
    <Step Id="post_route_phys_opt_design"/>
    <Step Id="write_bitstream"/>
  </Strategy>
</GenRun>
