<?xml version="1.0" encoding="UTF-8"?>
<GenRun Id="synth_1" LaunchPart="xc7a100tcsg324-1" LaunchTime="1732026877">
  <File Type="VDS-TIMING-PB" Name="sev_seg_top_timing_summary_synth.pb"/>
  <File Type="VDS-TIMINGSUMMARY" Name="sev_seg_top_timing_summary_synth.rpt"/>
  <File Type="RDS-DCP" Name="sev_seg_top.dcp"/>
  <File Type="REPORTS-TCL" Name="sev_seg_top_reports.tcl"/>
  <File Type="PA-TCL" Name="sev_seg_top.tcl"/>
  <File Type="RDS-RDS" Name="sev_seg_top.vds"/>
  <File Type="RDS-PROPCONSTRS" Name="sev_seg_top_drc_synth.rpt"/>
  <File Type="RDS-UTIL" Name="sev_seg_top_utilization_synth.rpt"/>
  <File Type="RDS-UTIL-PB" Name="sev_seg_top_utilization_synth.pb"/>
  <FileSet Name="sources" Type="DesignSrcs" RelSrcDir="$PSRCDIR/sources_1">
    <Filter Type="Srcs"/>
    <File Path="$PSRCDIR/sources_1/imports/task4.srcs/sources_1/imports/src/counter_n_bit.sv">
      <FileInfo>
        <Attr Name="ImportPath" Val="$PPRDIR/../task4/task4.srcs/sources_1/imports/src/counter_n_bit.sv"/>
        <Attr Name="ImportTime" Val="1731075515"/>
        <Attr Name="UsedIn" Val="synthesis"/>
        <Attr Name="UsedIn" Val="implementation"/>
        <Attr Name="UsedIn" Val="simulation"/>
      </FileInfo>
    </File>
    <File Path="$PSRCDIR/sources_1/imports/task4.srcs/sources_1/imports/src/decoder.sv">
      <FileInfo>
        <Attr Name="ImportPath" Val="$PPRDIR/../task4/task4.srcs/sources_1/imports/src/decoder.sv"/>
        <Attr Name="ImportTime" Val="1731076163"/>
        <Attr Name="UsedIn" Val="synthesis"/>
        <Attr Name="UsedIn" Val="implementation"/>
        <Attr Name="UsedIn" Val="simulation"/>
      </FileInfo>
    </File>
    <File Path="$PSRCDIR/sources_1/imports/task4.srcs/sources_1/imports/src/sev_seg_controller.sv">
      <FileInfo>
        <Attr Name="ImportPath" Val="$PPRDIR/../task4/task4.srcs/sources_1/imports/src/sev_seg_controller.sv"/>
        <Attr Name="ImportTime" Val="1731499824"/>
        <Attr Name="UsedIn" Val="synthesis"/>
        <Attr Name="UsedIn" Val="implementation"/>
        <Attr Name="UsedIn" Val="simulation"/>
      </FileInfo>
    </File>
    <File Path="$PSRCDIR/sources_1/imports/task4.srcs/sources_1/imports/src/sev_seg_decoder.sv">
      <FileInfo>
        <Attr Name="ImportPath" Val="$PPRDIR/../task4/task4.srcs/sources_1/imports/src/sev_seg_decoder.sv"/>
        <Attr Name="ImportTime" Val="1731507504"/>
        <Attr Name="UsedIn" Val="synthesis"/>
        <Attr Name="UsedIn" Val="implementation"/>
        <Attr Name="UsedIn" Val="simulation"/>
      </FileInfo>
    </File>
    <File Path="$PSRCDIR/sources_1/imports/task4.srcs/sources_1/new/upcounter.sv">
      <FileInfo>
        <Attr Name="ImportPath" Val="$PPRDIR/../task4/task4.srcs/sources_1/new/upcounter.sv"/>
        <Attr Name="ImportTime" Val="1732015930"/>
        <Attr Name="UsedIn" Val="synthesis"/>
        <Attr Name="UsedIn" Val="implementation"/>
        <Attr Name="UsedIn" Val="simulation"/>
      </FileInfo>
    </File>
    <File Path="$PSRCDIR/sources_1/imports/task4.srcs/sources_1/imports/src/sev_seg.sv">
      <FileInfo>
        <Attr Name="ImportPath" Val="$PPRDIR/../task4/task4.srcs/sources_1/imports/src/sev_seg.sv"/>
        <Attr Name="ImportTime" Val="1732015930"/>
        <Attr Name="UsedIn" Val="synthesis"/>
        <Attr Name="UsedIn" Val="implementation"/>
        <Attr Name="UsedIn" Val="simulation"/>
      </FileInfo>
    </File>
    <File Path="$PSRCDIR/sources_1/imports/task4.srcs/sources_1/imports/new/D Flip_Flop.sv">
      <FileInfo>
        <Attr Name="AutoDisabled" Val="1"/>
        <Attr Name="ImportPath" Val="$PPRDIR/../task4/task4.srcs/sources_1/imports/new/D Flip_Flop.sv"/>
        <Attr Name="ImportTime" Val="1731924470"/>
        <Attr Name="UsedIn" Val="synthesis"/>
        <Attr Name="UsedIn" Val="implementation"/>
        <Attr Name="UsedIn" Val="simulation"/>
      </FileInfo>
    </File>
    <File Path="$PSRCDIR/sources_1/imports/task4.srcs/sources_1/imports/new/Dlatch.sv">
      <FileInfo>
        <Attr Name="AutoDisabled" Val="1"/>
        <Attr Name="ImportPath" Val="$PPRDIR/../task4/task4.srcs/sources_1/imports/new/Dlatch.sv"/>
        <Attr Name="ImportTime" Val="1731929228"/>
        <Attr Name="UsedIn" Val="synthesis"/>
        <Attr Name="UsedIn" Val="implementation"/>
        <Attr Name="UsedIn" Val="simulation"/>
      </FileInfo>
    </File>
    <File Path="$PSRCDIR/sources_1/imports/task4.srcs/sim_1/new/upcounter_tb.sv">
      <FileInfo>
        <Attr Name="AutoDisabled" Val="1"/>
        <Attr Name="ImportPath" Val="$PPRDIR/../task4/task4.srcs/sim_1/new/upcounter_tb.sv"/>
        <Attr Name="ImportTime" Val="1732019337"/>
        <Attr Name="UsedIn" Val="synthesis"/>
        <Attr Name="UsedIn" Val="implementation"/>
        <Attr Name="UsedIn" Val="simulation"/>
      </FileInfo>
    </File>
    <Config>
      <Option Name="DesignMode" Val="RTL"/>
      <Option Name="TopModule" Val="sev_seg_top"/>
      <Option Name="TopAutoSet" Val="TRUE"/>
    </Config>
  </FileSet>
  <FileSet Name="constrs_in" Type="Constrs" RelSrcDir="$PSRCDIR/constrs_1">
    <Filter Type="Constrs"/>
    <File Path="$PSRCDIR/constrs_1/imports/src/pin-assignment.xdc">
      <FileInfo>
        <Attr Name="ImportPath" Val="$PPRDIR/../task4/task4.srcs/constrs_1/imports/src/pin-assignment.xdc"/>
        <Attr Name="ImportTime" Val="1732020353"/>
        <Attr Name="UsedIn" Val="synthesis"/>
        <Attr Name="UsedIn" Val="implementation"/>
      </FileInfo>
    </File>
    <Config>
      <Option Name="ConstrsType" Val="XDC"/>
    </Config>
  </FileSet>
  <FileSet Name="utils" Type="Utils" RelSrcDir="$PSRCDIR/utils_1">
    <Filter Type="Utils"/>
    <Config>
      <Option Name="TopAutoSet" Val="TRUE"/>
    </Config>
  </FileSet>
  <Strategy Version="1" Minor="2">
    <StratHandle Name="Vivado Synthesis Defaults" Flow="Vivado Synthesis 2019">
      <Desc>Vivado Synthesis Defaults</Desc>
    </StratHandle>
    <Step Id="synth_design"/>
  </Strategy>
</GenRun>
